src,tgt,n,ete_dir,p_dir,ete_mag,p_mag,sig_dir,sig_mag,diff
XLB,XLC,1893,-0.0006210716425781014,0.8991008991008991,0.003919214675617753,0.001998001998001998,False,True,0.004540286318195854
XLB,XLE,6796,0.0003100764629890672,0.08591408591408592,0.0039925781726458465,0.000999000999000999,False,True,0.0036825017096567794
XLB,XLF,6796,-1.6118276657699026e-05,0.42957042957042957,0.0037043974617901707,0.000999000999000999,False,True,0.00372051573844787
XLB,XLI,6796,0.0002293148716286353,0.14685314685314685,0.0022650672874876578,0.000999000999000999,False,True,0.0020357524158590226
XLB,XLK,6796,-0.0001861928844956126,0.7632367632367633,0.0026349017514951363,0.000999000999000999,False,True,0.002821094635990749
XLB,XLP,6796,8.476683567485669e-05,0.27472527472527475,0.0023036788030496263,0.000999000999000999,False,True,0.0022189119673747698
XLB,XLRE,2571,0.000765456095834813,0.13086913086913088,0.0010793123051898068,0.08091908091908091,False,False,0.0003138562093549938
XLB,XLU,6796,-6.343548621124946e-06,0.3126873126873127,0.004156002978415622,0.000999000999000999,False,True,0.004162346527036747
XLB,XLV,6796,0.0002050914212556692,0.13086913086913088,0.0028866030363173846,0.000999000999000999,False,True,0.0026815116150617152
XLB,XLY,6796,0.00023338120833298797,0.0899100899100899,0.001599828609011558,0.003996003996003996,False,True,0.00136644740067857
XLC,XLB,1893,-0.0006340113596892487,0.8301698301698301,0.0009057179071058181,0.1028971028971029,False,False,0.0015397292667950668
XLC,XLE,1893,-0.00035891777007177614,0.6383616383616384,0.0034113202985282445,0.003996003996003996,False,True,0.0037702380686000206
XLC,XLF,1893,-0.00045428413417889966,0.6613386613386614,0.0032570263453780704,0.003996003996003996,False,True,0.0037113104795569703
XLC,XLI,1893,0.0027985671413937306,0.007992007992007992,0.0007448923041765964,0.14385614385614387,False,False,-0.0020536748372171343
XLC,XLK,1893,0.001369826950062308,0.04795204795204795,-0.00010576614245194963,0.42957042957042957,False,False,-0.0014755930925142578
XLC,XLP,1893,-0.0005663688013912247,0.6363636363636364,0.004708205070716114,0.001998001998001998,False,True,0.005274573872107339
XLC,XLRE,1893,0.0004422487808501559,0.17882117882117882,0.0045405796015227096,0.001998001998001998,False,True,0.004098330820672553
XLC,XLU,1893,-0.0005694914104932953,0.6993006993006993,0.0026494777288743683,0.011988011988011988,False,True,0.0032189691393676636
XLC,XLV,1893,0.0009940082728772215,0.11588411588411589,0.0029375641258730543,0.006993006993006993,False,True,0.0019435558529958328
XLC,XLY,1893,0.001207975330411672,0.07992007992007992,0.00055690511928975,0.16683316683316685,False,False,-0.000651070211121922
XLE,XLB,6796,-5.29594734652781e-05,0.4125874125874126,0.00401801434983435,0.000999000999000999,False,True,0.004070973823299628
XLE,XLC,1893,-8.48494338191513e-05,0.4645354645354645,0.005661210020232163,0.001998001998001998,False,True,0.005746059454051314
XLE,XLF,6796,-0.00018197546877205887,0.8321678321678322,0.003352560072147788,0.000999000999000999,False,True,0.0035345355409198468
XLE,XLI,6796,-0.00015680389630268543,0.8131868131868132,0.0033332643884374357,0.000999000999000999,False,True,0.003490068284740121
XLE,XLK,6796,-6.840473999152974e-05,0.46353646353646355,0.003645200443989579,0.000999000999000999,False,True,0.0037136051839811086
XLE,XLP,6796,0.00044893915872089665,0.03696303696303696,0.0018111359623756366,0.000999000999000999,False,True,0.00136219680365474
XLE,XLRE,2571,8.84491733753424e-05,0.31868131868131866,0.0041452836902345115,0.001998001998001998,False,True,0.004056834516859169
XLE,XLU,6796,-0.000120430225987748,0.6443556443556444,0.0034912330561090565,0.000999000999000999,False,True,0.0036116632820968044
XLE,XLV,6796,0.00021269094097260046,0.11488511488511488,0.0016332955723130983,0.000999000999000999,False,True,0.001420604631340498
XLE,XLY,6796,-7.386305620311364e-05,0.4435564435564436,0.0029078566025304937,0.000999000999000999,False,True,0.0029817196587336075
XLF,XLB,6796,-2.060720857528881e-05,0.41358641358641357,0.003249354376446282,0.000999000999000999,False,True,0.0032699615850215707
XLF,XLC,1893,-0.00031817489737148133,0.5324675324675324,0.002304126356467989,0.017982017982017984,False,True,0.0026223012538394703
XLF,XLE,6796,-3.128076543622982e-05,0.3996003996003996,0.005334101964305381,0.000999000999000999,False,True,0.005365382729741611
XLF,XLI,6796,-0.00021387525255562066,0.997002997002997,0.0035595078360618196,0.000999000999000999,False,True,0.00377338308861744
XLF,XLK,6796,0.0002690985453838526,0.09090909090909091,0.004485504301813275,0.000999000999000999,False,True,0.004216405756429423
XLF,XLP,6796,0.0007098868768676574,0.022977022977022976,0.005707458331235944,0.000999000999000999,False,True,0.004997571454368287
XLF,XLRE,2571,0.00011173988917636483,0.2677322677322677,0.0028807919311960107,0.002997002997002997,False,True,0.0027690520420196457
XLF,XLU,6796,0.00041727966438434637,0.055944055944055944,0.0019725683539936665,0.000999000999000999,False,True,0.0015552886896093201
XLF,XLV,6796,-0.00016203658605984402,0.7122877122877123,0.0037447411926506045,0.000999000999000999,False,True,0.003906777778710449
XLF,XLY,6796,-0.00013786218093876786,0.7662337662337663,0.0029902689880661536,0.000999000999000999,False,True,0.0031281311690049213
XLI,XLB,6796,-4.392807167028542e-05,0.4755244755244755,0.0021567893573222066,0.000999000999000999,False,True,0.002200717428992492
XLI,XLC,1893,0.0001096435280078862,0.2987012987012987,0.003439483835592355,0.005994005994005994,False,True,0.003329840307584469
XLI,XLE,6796,0.00016404871873666122,0.15184815184815184,0.002469002366485101,0.000999000999000999,False,True,0.0023049536477484397
XLI,XLF,6796,-0.00018994995453209377,0.9200799200799201,0.001897816273335147,0.000999000999000999,False,True,0.0020877662278672407
XLI,XLK,6796,-8.412947408224867e-05,0.5604395604395604,0.0020268007960122124,0.000999000999000999,False,True,0.002110930270094461
XLI,XLP,6796,0.00019389097313694592,0.14185814185814186,0.0022779316086671115,0.000999000999000999,False,True,0.0020840406355301655
XLI,XLRE,2571,-6.1023644916787943e-05,0.4205794205794206,0.0028703178435162857,0.002997002997002997,False,True,0.0029313414884330736
XLI,XLU,6796,0.00027721124183338706,0.1038961038961039,0.003225182932379148,0.000999000999000999,False,True,0.002947971690545761
XLI,XLV,6796,4.044960997390482e-05,0.35264735264735264,0.00248928388881237,0.000999000999000999,False,True,0.0024488342788384653
XLI,XLY,6796,-0.00012819765251954882,0.6293706293706294,0.0011785079070684133,0.001998001998001998,False,True,0.0013067055595879621
XLK,XLB,6796,-0.00010242854230833211,0.5834165834165834,0.0025212057623833144,0.000999000999000999,False,True,0.0026236343046916466
XLK,XLC,1893,0.0009535104449627929,0.07492507492507493,0.0006982831473498054,0.14485514485514486,False,False,-0.00025522729761298755
XLK,XLE,6796,-0.00016782512903351464,0.8141858141858141,0.0013769065270761642,0.000999000999000999,False,True,0.0015447316561096789
XLK,XLF,6796,0.00020794582886058394,0.15284715284715283,0.0024748101904060998,0.000999000999000999,False,True,0.0022668643615455157
XLK,XLI,6796,0.0005019831790650071,0.03196803196803197,0.002901416511582739,0.000999000999000999,False,True,0.0023994333325177315
XLK,XLP,6796,0.00046946897700141235,0.03996003996003996,0.005725277939352742,0.000999000999000999,False,True,0.0052558089623513295
XLK,XLRE,2571,0.00035159450345016805,0.15584415584415584,0.009068256457557447,0.000999000999000999,False,True,0.00871666195410728
XLK,XLU,6796,0.0003311295404284316,0.07192807192807193,0.0028981137815615875,0.000999000999000999,False,True,0.002566984241133156
XLK,XLV,6796,2.93282947358983e-05,0.3126873126873127,0.003072181651299128,0.000999000999000999,False,True,0.0030428533565632298
XLK,XLY,6796,-0.00010681964588084403,0.5374625374625375,0.00403901541860055,0.000999000999000999,False,True,0.004145835064481394
XLP,XLB,6796,-0.00015423754967928033,0.7712287712287712,0.0017055712670051002,0.000999000999000999,False,True,0.0018598088166843806
XLP,XLC,1893,-0.00039565809815910553,0.6453546453546454,0.001827970669112681,0.03596403596403597,False,True,0.0022236287672717865
XLP,XLE,6796,0.00026386886816643853,0.11688311688311688,0.00180234409398565,0.000999000999000999,False,True,0.0015384752258192115
XLP,XLF,6796,-0.00012245344010850404,0.6563436563436563,0.0036200163299963187,0.000999000999000999,False,True,0.003742469770104823
XLP,XLI,6796,-0.00014848560265029345,0.7002997002997003,0.002033853804796857,0.000999000999000999,False,True,0.002182339407447151
XLP,XLK,6796,0.00023029614783389777,0.11688311688311688,0.0021377072988145026,0.000999000999000999,False,True,0.0019074111509806049
XLP,XLRE,2571,0.0011188180161317094,0.04595404595404595,-0.00039637942738708577,0.7322677322677322,False,False,-0.0015151974435187953
XLP,XLU,6796,-2.824190293249302e-05,0.42357642357642356,0.001004411857085631,0.005994005994005994,False,True,0.001032653760018124
XLP,XLV,6796,-0.00014320477836954085,0.6973026973026973,0.00139753265867175,0.000999000999000999,False,True,0.0015407374370412907
XLP,XLY,6796,0.0001965409666244617,0.1838161838161838,0.0024941112263770814,0.000999000999000999,False,True,0.0022975702597526197
XLRE,XLB,2571,-0.00028760182367658957,0.5964035964035964,0.0021749742875940884,0.00999000999000999,False,True,0.0024625761112706777
XLRE,XLC,1893,-0.0005021085241653215,0.6133866133866134,0.0029935445365929297,0.011988011988011988,False,True,0.0034956530607582513
XLRE,XLE,2571,2.442544452103371e-05,0.24775224775224775,0.004700129534489038,0.000999000999000999,False,True,0.0046757040899680045
XLRE,XLF,2571,-0.000403987415083083,0.8541458541458542,0.0022473326809439127,0.011988011988011988,False,True,0.002651320096026996
XLRE,XLI,2571,-0.000508338080768297,0.916083916083916,0.005835127555949483,0.000999000999000999,False,True,0.0063434656367177805
XLRE,XLK,2571,-9.01834354569142e-06,0.37662337662337664,0.002761710194994751,0.004995004995004995,False,True,0.0027707285385404424
XLRE,XLP,2571,0.00019901639241815385,0.2727272727272727,0.001439688706303794,0.03196803196803197,False,True,0.00124067231388564
XLRE,XLU,2571,-0.00022367583554609434,0.5614385614385614,0.0016610013669962598,0.023976023976023976,False,True,0.0018846772025423542
XLRE,XLV,2571,-0.00043896782095733094,0.7242757242757243,0.001367773105666339,0.03996003996003996,False,True,0.00180674092662367
XLRE,XLY,2571,-0.00030937933128676097,0.5774225774225774,0.001962171863277375,0.011988011988011988,False,True,0.0022715511945641358
XLU,XLB,6796,0.0002693920387442877,0.11988011988011989,0.00276838852381431,0.000999000999000999,False,True,0.0024989964850700226
XLU,XLC,1893,-0.0002451414556991563,0.4875124875124875,0.0024525313813184373,0.01998001998001998,False,True,0.0026976728370175936
XLU,XLE,6796,-0.00022684549052309793,0.978021978021978,0.0030568491197657563,0.000999000999000999,False,True,0.0032836946102888544
XLU,XLF,6796,-9.839707208545665e-05,0.48951048951048953,0.004275645201878394,0.000999000999000999,False,True,0.004374042273963851
XLU,XLI,6796,-0.00010505693088584374,0.6183816183816184,0.0018306722230105796,0.000999000999000999,False,True,0.0019357291538964233
XLU,XLK,6796,-3.423702271600031e-05,0.4125874125874126,0.00373727160570374,0.000999000999000999,False,True,0.0037715086284197405
XLU,XLP,6796,-0.0001879168707646016,0.9530469530469531,0.0038835150437051646,0.000999000999000999,False,True,0.004071431914469766
XLU,XLRE,2571,-0.00010241123071782641,0.37362637362637363,0.0038402453202290715,0.000999000999000999,False,True,0.003942656550946898
XLU,XLV,6796,-6.604255694237426e-05,0.5354645354645354,0.0027238547631397558,0.000999000999000999,False,True,0.00278989732008213
XLU,XLY,6796,-0.00015998106318590265,0.8461538461538461,0.0019425404819773781,0.000999000999000999,False,True,0.002102521545163281
XLV,XLB,6796,-0.00015215728222045936,0.7942057942057942,0.0019115146990503586,0.000999000999000999,False,True,0.002063671981270818
XLV,XLC,1893,0.0007695490883329857,0.16083916083916083,0.0020108397697729086,0.015984015984015984,False,True,0.0012412906814399229
XLV,XLE,6796,0.0005627027425023406,0.03696303696303696,0.0013683766402857454,0.001998001998001998,False,True,0.0008056738977834047
XLV,XLF,6796,9.143014924554624e-06,0.31868131868131866,0.0018565507764347674,0.000999000999000999,False,True,0.0018474077615102127
XLV,XLI,6796,-6.899202626250178e-05,0.5074925074925075,0.0006177604159175829,0.025974025974025976,False,True,0.0006867524421800846
XLV,XLK,6796,3.679721909690461e-05,0.3146853146853147,0.0033203044942585204,0.000999000999000999,False,True,0.003283507275161616
XLV,XLP,6796,0.00023259344580525498,0.13486513486513488,0.0030019505672636087,0.000999000999000999,False,True,0.002769357121458354
XLV,XLRE,2571,-0.0003600552599509836,0.6393606393606394,0.001731866736671952,0.025974025974025976,False,True,0.0020919219966229357
XLV,XLU,6796,1.6465704874321684e-05,0.37662337662337664,0.0028390815828120025,0.000999000999000999,False,True,0.0028226158779376806
XLV,XLY,6796,-9.27995515291077e-05,0.5784215784215784,0.002464747241045933,0.000999000999000999,False,True,0.0025575467925750407
XLY,XLB,6796,8.606410000246343e-05,0.24375624375624375,0.002726064394026707,0.000999000999000999,False,True,0.0026400002940242433
XLY,XLC,1893,0.000502262687463628,0.17282717282717283,0.001661766143495984,0.05094905094905095,False,False,0.001159503456032356
XLY,XLE,6796,0.00044844367822947657,0.04095904095904096,0.005247679055219551,0.000999000999000999,False,True,0.004799235376990074
XLY,XLF,6796,-0.00012289056415493816,0.7462537462537463,0.0034846426521337646,0.000999000999000999,False,True,0.0036075332162887027
XLY,XLI,6796,-0.00015052412873307698,0.7662337662337663,0.0040283682402374,0.000999000999000999,False,True,0.0041788923689704775
XLY,XLK,6796,-0.0002316946130416185,0.8691308691308691,0.003341465775553269,0.000999000999000999,False,True,0.0035731603885948873
XLY,XLP,6796,0.000290568600019919,0.10989010989010989,0.004783060261477369,0.000999000999000999,False,True,0.00449249166145745
XLY,XLRE,2571,0.0006259056670529525,0.1048951048951049,0.0016654767471944998,0.025974025974025976,False,True,0.0010395710801415472
XLY,XLU,6796,0.00020239452610792827,0.13486513486513488,0.002950238440930542,0.000999000999000999,False,True,0.0027478439148226137
XLY,XLV,6796,0.00013840905674384786,0.21578421578421578,0.0023375688862641206,0.000999000999000999,False,True,0.002199159829520273
