peak_date,trough_date,drawdown,duration,delta_pe,pe_pre_peak,vol_pre_peak,decade,type
1929-09-16,1929-11-13,-0.44569995263357787,58,0.00020868992706468692,0.9597819472567698,0.011164394951172713,1920,crash
1930-09-18,1931-09-18,-0.4558404402298419,365,0.04832802922729984,0.981008180751714,0.015373647566129734,1930,crash
1931-11-09,1932-06-01,-0.618055562454241,205,0.025883591460990507,0.9871438189081475,0.0346264639864144,1930,crash
1932-11-11,1933-02-27,-0.27994787325345194,108,0.03687062680453712,0.9856400054061669,0.040426393659455516,1930,crash
1933-07-18,1933-10-19,-0.29426231218966986,93,0.015338985749871581,0.9926793382726603,0.02838196656639186,1930,crash
1935-01-07,1935-03-14,-0.15866383258814667,66,0.019745685654743217,0.9942377630888488,0.012288672204693218,1930,crash
1936-11-09,1936-12-21,-0.058790326971731026,42,0.022095095757219352,0.9894895050234442,0.01479629102795824,1930,pullback
1937-03-10,1937-11-24,-0.4552758417388971,259,0.036251342477843784,0.9683250142218588,0.009059023192447835,1930,crash
1938-07-25,1938-09-27,-0.14140628067543684,64,0.02369685074341621,0.9828553244691131,0.018947419831404355,1930,pullback
1938-10-10,1939-04-11,-0.2508986203739939,183,0.03674377645648741,0.9829955837032335,0.02317984246948073,1930,crash
1939-10-25,1940-06-10,-0.31945497765651537,229,0.03243784295293339,0.9779477115790319,0.020818909518089984,1930,crash
1940-11-07,1941-11-12,-0.18700615015254182,370,0.009333492052127967,0.9577293520585434,0.013363840138027076,1940,crash
1941-11-24,1942-04-28,-0.20531913900655946,155,0.03915726307185463,0.9874212239440505,0.007602816161460945,1940,crash
1943-07-14,1943-11-29,-0.13053801640727203,138,0.01717194443054737,0.9671745982379808,0.006873900215000212,1940,pullback
1944-07-10,1944-09-14,-0.06932931760041465,66,0.017944191400667386,0.9779906598314388,0.0057015753473418284,1940,pullback
1945-06-26,1945-07-26,-0.06441117621922174,30,0.0013976147064547195,0.9688493504121222,0.0059843023415348355,1940,pullback
1946-05-29,1947-05-19,-0.28467530089539367,355,0.046896966687451136,0.9791429316595958,0.007793363436452299,1940,crash
1947-07-24,1948-03-16,-0.1414392411876534,236,0.034761472460139275,0.9623801502108437,0.00965043848297709,1940,pullback
1948-06-15,1949-06-13,-0.20574439537437755,363,0.058435057989098094,0.9848144513291278,0.006959019191350914,1940,crash
1950-06-12,1950-07-17,-0.14020615292983996,35,0.011516932056436113,0.9842361427961225,0.00580075998710316,1950,pullback
1951-05-03,1951-06-29,-0.0811047972285998,57,0.04317064116276159,0.9724270614229218,0.0062904621375805825,1950,pullback
1951-10-15,1951-11-23,-0.060796676718966935,39,0.02314533496291693,0.9843298670517854,0.005012282816200109,1950,pullback
1952-08-08,1952-10-22,-0.06849315273018115,75,0.03139580587805779,0.9720350158387847,0.0033968595123910084,1950,pullback
1953-01-05,1953-09-14,-0.14816206997551354,252,0.008808259579425992,0.9559179665447165,0.0052142087911309165,1950,pullback
1955-11-14,1956-01-23,-0.07110534901767641,70,0.03438413031513876,0.969503618591692,0.013323856598052398,1950,pullback
1956-03-20,1956-05-28,-0.09760590468627021,69,0.05090821162896908,0.9875035839641559,0.007108163857307531,1950,pullback
1956-08-02,1957-02-12,-0.14605157310924266,194,0.10471122978458314,0.9861716670592666,0.007545770488123349,1950,pullback
1957-08-05,1957-10-22,-0.17520099605090836,78,0.04124724901577104,0.9771348257862232,0.004855676835580658,1950,crash
1959-08-03,1960-03-08,-0.11925544346814612,218,0.06393826600296093,0.9721485022600814,0.005206228378206855,1950,pullback
1960-08-24,1960-10-25,-0.10108487967510629,62,-0.0029171388033449874,0.9687898937752739,0.0056949857232672365,1960,pullback
1961-12-12,1962-06-26,-0.2797356809686306,196,-9.85805395518069e-05,0.9455546659048394,0.005626293157409252,1960,crash
1965-05-13,1965-06-28,-0.0960451810276128,46,-0.02353920384580266,0.9407475556625826,0.00262591073615784,1960,pullback
1966-02-09,1966-10-07,-0.22177334841367638,240,0.06196145990621005,0.9812428015104067,0.003442109457297517,1960,crash
1967-09-25,1968-03-05,-0.1011373653813259,162,0.013645649897220169,0.9813029865170004,0.00370585874138913,1960,pullback
1968-11-29,1969-07-29,-0.17431022340953317,242,0.006516086494298801,0.973765817553259,0.003391652945840627,1960,crash
1970-01-05,1970-05-26,-0.2586132934486717,141,0.019606606133007798,0.978347091385283,0.006337060399731389,1970,crash
1971-04-28,1971-11-23,-0.13944825283072976,209,-0.007016927612220725,0.952613656156927,0.004260305427256304,1970,pullback
1972-08-14,1972-10-16,-0.05135500890242876,63,0.027362952193794143,0.9806068409781528,0.005010281136842259,1970,pullback
1973-01-11,1973-12-05,-0.23353289005771982,328,0.040502874003473854,0.9754571338539286,0.005166393989149937,1970,crash
1974-03-13,1974-10-03,-0.37557649776208757,204,0.025773157483628184,0.9760466263474282,0.011665847508746514,1970,crash
1975-07-15,1975-09-16,-0.14140784631474154,63,0.02669381891018341,0.9795526355091113,0.008356222536335957,1970,pullback
1976-09-21,1977-09-21,-0.11805622870041901,365,0.047368431583995285,0.9909982873143222,0.005652363148415214,1970,pullback
1977-10-03,1978-03-06,-0.10171590402294023,154,0.034667758024583106,0.9930740631783936,0.005176966562253559,1970,pullback
1978-09-12,1978-11-14,-0.13552668744290344,63,0.05017899996567432,0.9587328500260895,0.006340445854211869,1970,pullback
1979-10-05,1979-11-07,-0.10245343974488873,33,-0.017002820762617388,0.9522155098120842,0.0060832391700674695,1970,pullback
1980-02-13,1980-03-27,-0.1707193583578843,43,0.007405752726680981,0.9523655049778459,0.007361077270828046,1980,crash
1980-11-28,1981-09-25,-0.1974808339429646,301,0.006977089968722816,0.968022614500183,0.010546370558365586,1980,crash
1981-11-30,1982-08-12,-0.1893945436815902,255,0.0657156520289599,0.9838053052141399,0.01002877921466749,1980,crash
1983-06-22,1983-08-08,-0.069068439312115,47,0.04415953200920375,0.9837123272496512,0.007469880405463852,1980,pullback
1983-10-10,1984-07-24,-0.14381689805997283,288,0.009880497508904296,0.9385651848397613,0.00862021393288569,1980,pullback
1984-11-06,1984-12-13,-0.050466556649853736,37,0.039694161680103646,0.9749307724218481,0.007189636616082284,1980,pullback
1985-07-17,1985-09-25,-0.07661635932534704,70,0.06525063385444674,0.9907331955788193,0.005779287164964518,1980,pullback
1987-04-06,1987-05-20,-0.07862235400631758,44,-0.004089890983451916,0.9835014852479325,0.009168321302023828,1980,pullback
1987-08-25,1987-12-04,-0.33509515255572603,101,0.025034136038224686,0.9913869428298435,0.007000190814719484,1980,crash
1989-10-09,1990-01-30,-0.1023345693603166,113,0.013856512985702896,0.9883485904198085,0.006859447211175458,1980,pullback
1990-07-16,1990-10-11,-0.1991869313469902,87,0.031084405669138837,0.975249324497549,0.007881985857830164,1990,crash
1991-08-28,1991-10-09,-0.0500202352832555,42,0.01089279454537273,0.9778139927105315,0.008508383335469945,1990,pullback
1992-01-15,1992-04-08,-0.06243313377755726,84,0.010737555850932168,0.98585535109802,0.008919146143485015,1990,pullback
1994-02-02,1994-04-04,-0.08937756550262578,61,0.004493825339000779,0.9822271377500317,0.004041708671904735,1990,pullback
1996-05-24,1996-07-24,-0.07643215959257003,61,0.012268947377335082,0.9904852903806788,0.007861030841046253,1990,pullback
1997-02-18,1997-04-11,-0.09633825690635515,52,0.010020721452592807,0.9873610739753815,0.00827358766030682,1990,pullback
1997-12-05,1998-01-09,-0.05702434141322208,35,0.021249112626448796,0.9940623858027493,0.015411295543036344,1990,pullback
1998-07-17,1998-08-31,-0.19335999216610492,45,0.025254610429826685,0.9831762205123542,0.008770671161320584,1990,crash
1999-07-16,1999-10-15,-0.12078686729338568,91,0.006306230606069718,0.9831550701371464,0.010236411400018262,1990,pullback
1999-12-31,2000-02-25,-0.09248937529245363,56,0.005084305835639125,0.9848443940995046,0.010516834748731933,1990,pullback
2000-03-24,2001-03-22,-0.2683409158766053,363,0.04133205562836795,0.9877206533795678,0.0156654748256565,2000,crash
2001-05-21,2001-09-21,-0.26433733223502315,123,0.023621331579396943,0.9954707348389326,0.01690637244836561,2000,crash
2002-05-28,2002-10-09,-0.27712998513867426,134,0.04718752602562948,0.9758663550231879,0.011485322590901959,2000,crash
2004-02-11,2004-08-12,-0.08164907105058111,183,0.010760613327638335,0.9786456814095622,0.006791043169904928,2000,pullback
2005-03-07,2005-04-20,-0.0716635417932722,44,0.0013877645569804198,0.9787281170797691,0.006000007907454245,2000,pullback
2005-08-03,2005-10-13,-0.05477741365935615,71,0.017843952788436646,0.9876524505910751,0.005561860736103742,2000,pullback
2006-05-05,2006-06-13,-0.07698985307108448,39,0.06106015761027572,0.9785881006559944,0.005321299764104419,2000,pullback
2007-10-09,2008-10-08,-0.37070569141757936,365,0.01555304233452448,0.9672833910401437,0.012399306527248908,2000,crash
2008-11-04,2009-03-09,-0.32733777847688295,125,0.01226131799536856,0.9883073437491954,0.03771569089498803,2000,crash
2010-04-23,2010-07-02,-0.15994677274011784,70,-0.012728554054852625,0.9696742083835831,0.008050113740262762,2010,crash
2011-04-29,2011-10-03,-0.19388242072358447,157,0.03606043540606474,0.9648401409494368,0.007964296822315753,2010,crash
2012-04-02,2012-06-01,-0.09936294686452453,60,0.030539761107955088,0.9809961098270367,0.005890421283099545,2010,pullback
2012-09-14,2012-11-15,-0.07671057667868018,62,0.009842135196760249,0.987182487719549,0.008682860960670705,2010,pullback
2013-05-21,2013-06-24,-0.057555936154791085,34,0.010452828178198259,0.9798824956966571,0.006863176686375169,2010,pullback
2015-05-21,2016-02-11,-0.14160750444640421,266,0.058671999029785815,0.9922569625243524,0.00707924977826033,2010,pullback
2018-09-20,2018-12-24,-0.19778210435681992,95,-0.0019511531958478212,0.9552952645840992,0.00476930592773115,2010,crash
2019-04-30,2019-06-03,-0.06836108044673847,34,0.0013874247641557647,0.9772910798370658,0.005659500290724477,2010,pullback
2020-02-19,2020-03-23,-0.3392496000265327,33,0.007020341224659332,0.9936784005360464,0.006079240991740115,2020,crash
2021-09-02,2021-10-04,-0.05212537590104862,32,-0.005732596880459351,0.982622952147331,0.006046541551147035,2020,pullback
2022-01-03,2022-10-12,-0.254250966192304,282,0.04489007860631988,0.9819391458531549,0.008640149244456783,2020,crash
2023-02-02,2023-03-13,-0.07751635836202832,39,-0.0010255699244955396,0.982122679851748,0.013247374813412134,2020,pullback
2023-07-31,2023-10-27,-0.10276617093291368,88,0.005740073319301708,0.9913840707346625,0.006634188886458021,2020,pullback
2025-02-19,2025-04-08,-0.18902206184284007,48,0.00041352842361375153,0.980094219650668,0.007914673943722333,2020,crash
